En alakalı sayfalar,Tıklamalar,Gösterimler,TO,Pozisyon
https://www.webcraft.tr/,126,1726,7.3%,5.23
https://www.webcraft.tr/hizmetler/web-tasarim,6,1988,0.3%,31.68
https://www.webcraft.tr/hizmetler/yapay-zeka-chatbot,6,882,0.68%,8.63
https://www.webcraft.tr/blog/seo-geo-aeo-nedir,4,520,0.77%,9.42
https://www.webcraft.tr/en-iyi-web-tasarim-ajansi,3,5189,0.06%,28.71
https://www.webcraft.tr/mugla-web-tasarim-seo-hizmetleri,3,884,0.34%,16.45
https://www.webcraft.tr/islerimiz,3,438,0.68%,6.98
https://www.webcraft.tr/blog/2024-seo-trendleri,3,394,0.76%,21.41
https://www.webcraft.tr/hakkimizda,3,84,3.57%,10.56
https://www.webcraft.tr/hizmetler/seo-uyumlu-web-sitesi,2,1172,0.17%,16.56
https://www.webcraft.tr/blog/online-magaza-kurulumu,2,882,0.23%,15.42
https://www.webcraft.tr/hizmetler/dijital-pazarlama,2,550,0.36%,24.6
https://www.webcraft.tr/hizmetler/yapay-zeka-otomasyon,2,230,0.87%,14.77
https://www.webcraft.tr/blog/teknik-seo-kontrol-listesi,2,88,2.27%,12.03
https://www.webcraft.tr/hizmetler,1,521,0.19%,8.76
https://www.webcraft.tr/hizmetler/mobil-uygulama,1,406,0.25%,14.36
https://www.webcraft.tr/e-ticaret-web-tasarim,1,390,0.26%,17.16
https://www.webcraft.tr/fethiye-web-tasarim-hizmetleri,1,339,0.29%,14.49
https://www.webcraft.tr/blog/web-sitesi-hizi-nasil-artirilir,1,290,0.34%,13.66
https://www.webcraft.tr/gizlilik-politikasi,1,254,0.39%,9.83
https://www.webcraft.tr/iletisim,1,172,0.58%,13.44
https://www.webcraft.tr/hizmetler/performans-odakli-web-tasarim,1,162,0.62%,15.33
https://www.webcraft.tr/hizmetler/kobi-web-tasarim,1,102,0.98%,15.42
https://www.webcraft.tr/blog/core-web-vitals-rehberi,1,84,1.19%,9.35
https://www.webcraft.tr/hizmetler/yazilim-gelistirme,0,359,0%,25.64
https://www.webcraft.tr/blog/kobi-dijital-donusum-rehberi,0,319,0%,7.76
https://www.webcraft.tr/blog/web-analitik-araclari,0,317,0%,13.58
https://www.webcraft.tr/blog,0,285,0%,6.9
https://www.webcraft.tr/hizmetler/seo-hizmeti,0,232,0%,45.62
https://www.webcraft.tr/blog/yerel-seo-stratejileri,0,225,0%,12.49
https://www.webcraft.tr/kullanim-sartlari,0,212,0%,11.02
https://www.webcraft.tr/blog/minimalist-tasarim-yaklasimlari,0,174,0%,8.6
https://www.webcraft.tr/hizmetler/e-ticaret,0,162,0%,16.22
https://www.webcraft.tr/blog/guclu-marka-imaji-olusturma,0,145,0%,11.61
https://www.webcraft.tr/karsilastirma/platformlar,0,122,0%,5.23
https://www.webcraft.tr/karsilastirma,0,118,0%,12.17
https://www.webcraft.tr/cerez-politikasi,0,110,0%,16.53
https://www.webcraft.tr/blog/fethiye-web-tasarim-rehberi,0,101,0%,13.24
https://www.webcraft.tr/blog/kurumsal-web-sitesi-yaptirirken-yapilan-7-kritik-hata,0,96,0%,12.11
https://www.webcraft.tr/kurumsal-web-sitesi,0,66,0%,11.85
https://www.webcraft.tr/karsilastirma/freelancer-vs-ajans,0,44,0%,8.18
https://www.webcraft.tr/karsilastirma/webcraft-vs-diy,0,25,0%,17.64
https://www.webcraft.tr/blog/yapay-zeka-chatbot-ve-otomasyon-rehberi,0,21,0%,6.38
https://www.webcraft.tr/blog/web-sitesi-guvenligi,0,18,0%,27.78
https://www.webcraft.tr/islerimiz/home-and-car,0,2,0%,8
https://www.webcraft.tr/projects/elit.webp,0,1,0%,19