En çok yapılan sorgular,Tıklamalar,Gösterimler,TO,Pozisyon
webcraft,70,298,23.49%,2.83
web craft,10,65,15.38%,1.4
craft web,2,23,8.7%,3.65
web tasarım ajansı,1,1783,0.06%,30.48
profesyonel web tasarım,1,616,0.16%,21.76
web ajansı,1,524,0.19%,18.48
web tasarım hizmeti,1,430,0.23%,46
fethiye web tasarım,1,197,0.51%,15.09
web tasarım,1,155,0.65%,3.12
chatbot entegrasyonu,1,14,7.14%,18.36
wosbcraft,1,11,9.09%,1.27
seogeo,1,8,12.5%,3.12
webcraf,1,4,25%,1.5
fethiye yazılım şirketleri,1,1,100%,1
sosyal medya danışmanlık şirketleri,1,1,100%,1
en iyi web tasarım firmaları,0,524,0%,23.33
seo uyumlu web sitesi,0,486,0%,14.41
www.webcraft.tr,0,388,0%,13.56
web tasarım ajansları,0,248,0%,40.58
en iyi web tasarım ajansları,0,229,0%,26.48
online mağaza kur,0,211,0%,20.04
online mağaza kurma,0,210,0%,20.78
web ajansları,0,206,0%,23.03
muğla web tasarım,0,204,0%,24.64
yapay zekâ chatbot geliştirme,0,187,0%,5.92
en iyi web tasarım ajansı,0,183,0%,24.36
seo uyumlu site,0,174,0%,12.33
web yönetici araçları,0,173,0%,10.09
web tasarım ajans,0,159,0%,27.39
seo uyumlu web site,0,146,0%,14.01
e ticaret web tasarım,0,125,0%,21.46
en iyi web tasarım firması,0,110,0%,41.31
web tasarım ajansı nasıl seçilir,0,105,0%,9.65
muğla seo,0,99,0%,4.96
web tasarım hizmetleri,0,98,0%,38.41
seo hizmetleri,0,94,0%,50.04
web tasarım seo hizmetleri,0,93,0%,18.73
seo odaklı web sitesi,0,89,0%,13.93
yazılım geliştirme hizmeti,0,83,0%,25.34
web ajans,0,79,0%,26.41
marmaris seo,0,78,0%,19.04
profesyonel web sitesi,0,72,0%,33.76
dijital pazarlama seo,0,71,0%,32.7
chatbot geliştirme,0,69,0%,15.04
ajans web tasarım,0,69,0%,26.32
marmaris web tasarım,0,63,0%,18.11
profesyonel web sitesi tasarımı,0,63,0%,34.71
web sitesi,0,62,0%,2.24
web yazılım ajansı,0,62,0%,49.13
dönüşüm odaklı seo,0,62,0%,53.45
seo odaklı dijital pazarlama,0,59,0%,25.22
e-ticaret web tasarım,0,58,0%,18.07
internet pazarlamacılığı hizmeti,0,53,0%,15.55
web tasarim ajansi,0,53,0%,36.57
web sitesi ajansı,0,52,0%,39.56
seo hizmeti,0,52,0%,51.58
en iyi web sitesi yapan firmalar,0,50,0%,48.14
site hızı optimizasyonu,0,49,0%,11.31
online alışveriş web tasarım,0,47,0%,15.26
türkiye nin en iyi web tasarım şirketleri,0,47,0%,32.02
seo uyumu,0,47,0%,34.15
cross-platform mobil test hizmetleri,0,46,0%,7.85
geo nedir seo aeo ve gso farkları,0,46,0%,8.07
web tasarım seo ajansı,0,45,0%,19.71
mobil uygulama hizmeti,0,44,0%,8.5
e-ticaret web tasarımı,0,37,0%,13.65
web sitesi ajans,0,37,0%,37.68
web site ajans,0,36,0%,23.53
mobil uygulama hizmetleri,0,34,0%,1
web site ajansları,0,34,0%,39.76
web sitesi hizmeti,0,33,0%,36.55
malkara web tasarım,0,33,0%,55.52
özel web tasarım,0,32,0%,54.62
web sitesi tasarım ajansı,0,31,0%,40.81
dijital pazarlama,0,30,0%,8.83
web geliştirme ajansı,0,30,0%,26.43
site performans optimizasyonu,0,27,0%,5.93
yapay zeka chatbot,0,27,0%,25.7
google uyumlu web sitesi yaptırma,0,26,0%,23.12
dijital pazarlama hizmeti,0,26,0%,23.92
profesyonel web tasarım ajansı,0,26,0%,45.12
sayfa hızı optimizasyonu,0,24,0%,21.25
profesyonel web tasarımı,0,24,0%,27.17
bodrumda web tasarım,0,24,0%,40.21
sosyal medya yoeetimi ve seo çalışması,0,23,0%,12.13
web tasarım ajansı nedir,0,23,0%,26.65
web ajansi,0,22,0%,12.27
eticaret web tasarım,0,22,0%,13
dijital pazarlama ve seo hizmetleri,0,22,0%,13.27
ajans web sitesi,0,22,0%,29.09
web tasarım referans incelemesi,0,22,0%,48.18
muğla seo uzmanı,0,21,0%,6.19
web sitesi ajansları,0,21,0%,42.29
en iyi web tasarım şirketi,0,20,0%,22.7
web sitesi tasarım ajansları,0,20,0%,56.6
seo trendleri,0,19,0%,14.63
web tasarım ajansi,0,19,0%,26.16
web analitik,0,19,0%,44.32
web tasarım muğla,0,18,0%,18.67
profesyonel web tasarım hizmetleri,0,18,0%,23.39
profesyonel web tasarim,0,18,0%,25.89
web sitesi görsel tasarım,0,18,0%,29.83
online mağaza kurulumu,0,17,0%,4.94
tur web tasarımı,0,17,0%,11.88
bodrum seo ajansı,0,17,0%,16.65
seo dostu web tasarım hizmeti,0,17,0%,16.88
seo uyumlu url,0,17,0%,33.76
devrek web tasarım,0,17,0%,59.88
shopify responsive tasarım ajansı,0,17,0%,65.24
seo geo nedir,0,16,0%,11.06
hızlı web tasarım,0,16,0%,16.94
web tasarım marmaris,0,16,0%,19.38
web tasarım siteleri,0,16,0%,39.38
kreatif web tasarım,0,16,0%,62.19
e-ticaret tasarım,0,15,0%,26.07
web tasarımı hizmeti,0,15,0%,30.07
yazılım geliştirme şirketi,0,15,0%,73.47
aeo nedir,0,14,0%,17.29
site ajans,0,14,0%,22
web tasarım blog,0,14,0%,30.5
web site hizmetleri,0,14,0%,52.64
yapay zeka chatbot entegrasyonu başlamak istiyorum,0,13,0%,3.92
"işletmelerin süreçlerini kolaylaştırmak için kullanabileceği en uygun 
fiyatlı belge iş akışı otomasyon çözümleri nelerdir?",0,13,0%,9.92
site hızı artırma,0,13,0%,11.92
web tasarım seo hizmeti,0,13,0%,29.85
e ticaret kurulumu,0,13,0%,32.92
en kreatif web tasarım ajansı,0,13,0%,36.77
web sitesi yapan ajanslar,0,13,0%,42.31
kobiler için web sitesi kurma rehberi,0,13,0%,62.54
muğla web ajans,0,12,0%,4.25
seo geo,0,12,0%,10.75
web site hızı optimizasyonu,0,12,0%,12.83
tur web sitesi tasarımı,0,12,0%,13.33
doğru standart etikete sahip alternatif sayfa,0,12,0%,24
e ticaret tasarım,0,12,0%,25.25
en iyi web tasarım ajansları türkiye,0,12,0%,25.25
ai iş süreci otomasyonu,0,12,0%,30.42
seo everek türkiye,0,12,0%,47.25
seo ajansı nasıl seçilir?,0,12,0%,50.17
web tasarım e ticaret,0,12,0%,65.42
özel tasarım website,0,12,0%,71.33
dijital,0,11,0%,4.73
yerel seo,0,11,0%,14.27
web tasarım profesyonel,0,11,0%,16.27
seo trendleri 2024,0,11,0%,21
bodrum seo,0,11,0%,25.91
web tasarım ajansu,0,11,0%,30.82
google seo geleceği,0,11,0%,88.09
geo ve aeo nedir,0,10,0%,6
web development,0,10,0%,9.2
kobilerde dijital dönüşüm,0,10,0%,14.8
şirket içi yazılım geliştirme,0,10,0%,18.4
e ticaret site tasarım,0,10,0%,19.3
profesyonel yazılım hizmeti,0,10,0%,19.7
seo 2021 trendleri,0,10,0%,25.2
site tasarım hizmeti,0,10,0%,26.3
web tasarım hizmetlerimiz,0,10,0%,32.2
e ticaret sitesi kuran,0,10,0%,45.9
browser craft,0,9,0%,9.33
seo geo aeo,0,9,0%,9.89
işletmeler için chatbot,0,9,0%,12.89
profesyonel web tasarım hizmeti,0,9,0%,17.67
site optimizasyonu,0,9,0%,18.78
tasarim ajansi,0,9,0%,23.78
milas web tasarım,0,9,0%,25.44
profesyonel web site,0,9,0%,28
seo dijital pazarlama,0,9,0%,34.89
seo web tasarım,0,9,0%,44.78
web sitesi yapan kişiler,0,9,0%,49.67
2019 seo trendleri,0,9,0%,50
web sitesi fethiye,0,8,0%,5.25
en üst yerel seo,0,8,0%,6
eticaret tasarım,0,8,0%,12.75
profesyonrl web tasarım,0,8,0%,17.12
kobiler için dijital dönüşüm,0,8,0%,20
ai destekli fatura otomasyonu,0,8,0%,22.88
muğla web tasarımı,0,8,0%,23.38
seo değişler türkiye,0,8,0%,25
profesyonel webtasarım,0,8,0%,28.75
ai otomasyon,0,8,0%,28.88
seo pazarlama,0,8,0%,44.75
web tasarım seo,0,8,0%,45.75
kurumsal web tasarım hizmeti,0,8,0%,49.12
ajans web siteleri,0,8,0%,50.38
yeni nesil web tasarım ajansı,0,8,0%,52.38
web site,0,7,0%,1
web sitesi hizmetleri,0,7,0%,6.29
mağaza kur,0,7,0%,7.29
seo uyumlu web siteleri,0,7,0%,8.14
özel web yazılım çözümleri,0,7,0%,8.86
seo kontrol listesi,0,7,0%,17
web sitesi hızlandırma,0,7,0%,19
boğazkale seo,0,7,0%,29.43
seo uyumlu web tasarım hizmeti,0,7,0%,33.29
web tasarim hizmeti,0,7,0%,34.57
enhanced web tasarım,0,7,0%,36
seo destek hizmetleri,0,7,0%,39.71
mobil uygulama geliştirme platformu,0,7,0%,40.29
e-ticaret kurulumu,0,7,0%,44.71
dijital pazarlamada seo,0,7,0%,47.86
2021 seo trendleri,0,7,0%,52
özel web tasarımı,0,7,0%,57.14
dijital pazarlama ajansı,0,6,0%,1.33
hosting,0,6,0%,10
modern tasar m ücretsiz destek,0,6,0%,15.33
web site hızlandırma,0,6,0%,15.83
ios uygulama geliştirme firması,0,6,0%,23
geo ve seo farkı,0,6,0%,23.67
freelancer web tasarımcı,0,6,0%,25.5
ajans web,0,6,0%,32.33
kaliteli yazılım hizmeti,0,6,0%,41.17
backlink manager,0,6,0%,41.33
özel tasarım web sitesi,0,6,0%,46.33
hizmet web sitesi örnekleri,0,6,0%,47
seo'nun geleceği,0,6,0%,50.67
kurumsal web sitesi tasarımı,0,6,0%,55.17
site hızlandırma,0,6,0%,71.83
"website web site webtasarım web tasarım web bilişim websitesi e-ticaret 
hotel web sitesi web design",0,6,0%,72.17
fethiye web tasarım fiyatları,0,5,0%,17.2
yerel seo kampanyasä,0,5,0%,20.4
2021 seo trendi,0,5,0%,25.6
seo 2026,0,5,0%,28
kahramanmaraş seo,0,5,0%,29.8
2025 yılı seo trendleri ve başarı için ipuçları,0,5,0%,32.2
web tasarim ajans,0,5,0%,39
kullanıcı dostu web tasarım,0,5,0%,41.2
web yazılım geliştirme,0,5,0%,53
hızlı açılan web tasarım çözümleri,0,5,0%,54
seo uyumlu web geliştirme,0,5,0%,60.6
seo gerenler tuerkiye,0,5,0%,61.8
profesyonel seo hizmeti,0,5,0%,70.8
web sitesi güvenliği,0,5,0%,75.2
php seo uyumlu link yapımı,0,5,0%,79.4
web tasarımda zamanlama,0,5,0%,82
fethiye dijital pazarlama ajansı,0,4,0%,1.75
fethiye yazılım,0,4,0%,3.75
chatbot otomasyon,0,4,0%,4.25
diğital,0,4,0%,5
"uygun fiyatlı belge iş akışı otomasyon çözümlerini ve fiyat seçeneklerini 
karşılaştırın.",0,4,0%,8.5
site kod optimizasyonu,0,4,0%,8.75
google yerel için seo,0,4,0%,10.25
yerel seo çalışması,0,4,0%,13
web site hız optimizasyonu,0,4,0%,15
lcp nedir,0,4,0%,16
web optimizasyon,0,4,0%,16.75
en iyi webtasarım firmaları,0,4,0%,18.75
chatbot türkiye,0,4,0%,25.25
en iyi yazılım ajansları,0,4,0%,27
craft ajans,0,4,0%,32.5
sosyal medya ve seo,0,4,0%,35.5
web tasarımı siteleri,0,4,0%,35.5
profesyonel web,0,4,0%,38.5
e-ticaret tasarımı,0,4,0%,39.25
seo sosyal medya,0,4,0%,43.25
seo hizmet,0,4,0%,47.75
ödüllü web tasarım,0,4,0%,48
çerkezköy yazılım geliştirme,0,4,0%,54.25
yazılım hizmetleri,0,4,0%,57.75
site hızı,0,4,0%,62
seo uyumlu web tasarım,0,4,0%,68.25
web sitesi tasarımı,0,3,0%,1
web-craft,0,3,0%,1
web tasarımcısı,0,3,0%,1.67
web sitesi yükleme hızı optimizasyonu,0,3,0%,3
e-ticaret web tasarım hizmeti,0,3,0%,3.33
orta yerel seo,0,3,0%,6.67
geo ve aeo,0,3,0%,10.67
seo google yerel,0,3,0%,11
yerel seo faktoerleri,0,3,0%,11
seo ve geo nedir,0,3,0%,11.67
sue web sitesi optimizasyon,0,3,0%,14
seo ve geo,0,3,0%,14.67
sayfa hızı i̇yileştirmesi,0,3,0%,16.67
wix mi shopify mı,0,3,0%,18
teknik seo hizmeti,0,3,0%,18.67
online mağaza yaptırma,0,3,0%,19.67
core web vitals nedir,0,3,0%,22.33
boğazkale web tasarım,0,3,0%,22.67
marmaris web ajansı,0,3,0%,23.33
muğla hosting,0,3,0%,28.67
dijital pazarlama ve seo ajansı,0,3,0%,30
tasarım hizmetleri,0,3,0%,36.33
web sitesi performansı,0,3,0%,36.67
seo gelişmeleri,0,3,0%,37
kurumsal web tasarım ajansları,0,3,0%,37.67
profesyonel yazılım geliştirme ve dijital çözümler,0,3,0%,37.67
tasarım sitesi,0,3,0%,41
web_tasarım,0,3,0%,43
urfa seo,0,3,0%,46.67
yazilim hizmetleri,0,3,0%,47
backlink seller,0,3,0%,47.33
anya seo ne demek,0,3,0%,50.67
web sitesi tasarım,0,3,0%,51
webkery,0,3,0%,51
web tasarım ve seo,0,3,0%,54.67
web tasarım firmaları 2021,0,3,0%,58.67
seo trend,0,3,0%,82.33
yeni seo teknikleri,0,3,0%,87.67
seo ajansı,0,2,0%,1
profesyonel web site tasarımı,0,2,0%,2
media,0,2,0%,3
core web vitals optimizasyonu,0,2,0%,4.5
fethiye kurumsal web sitesi,0,2,0%,4.5
webcraft.com,0,2,0%,5
google aeo,0,2,0%,5.5
geo/aeo,0,2,0%,6
webcraft studio,0,2,0%,7.5
mobile app development,0,2,0%,8
yerel seo stratejileri,0,2,0%,9
geo aeo seo,0,2,0%,9.5
geo seo nedir,0,2,0%,9.5
türkiye'de en iyi web sitesi kuran ajans hangisi sence?,0,2,0%,9.5
ulusal seo,0,2,0%,10
ticaret uygulama,0,2,0%,10.5
dijitalco i̇çerik pazarlama hizmeti,0,2,0%,11.5
site hızlandırma kodu,0,2,0%,11.5
geo neyin kısaltması,0,2,0%,12
web tasarım hizmetler,0,2,0%,13.5
e ticaret web sitesi tasarımı,0,2,0%,14
en iyi web geliştirme ajansları,0,2,0%,15
tasarım ajans,0,2,0%,15.5
web site satış web site tasarım web tasarım satış web site seo,0,2,0%,16
e-ticaret web sitesi tasarımı,0,2,0%,16.5
"türkiye'de kobi'lere yönelik en iyi dijital dönüşüm danışmanlık 
hizmetlerini sunan firmalar hangileridir",0,2,0%,16.5
push bildirim,0,2,0%,19.5
seo degisler tuerkiye,0,2,0%,20
muğla web tasarım ve bilişim hizmetleri,0,2,0%,21
fethiye web sitesi,0,2,0%,21.5
google uyumlu web tasarım,0,2,0%,26.5
e ticaret site kurulumu,0,2,0%,32.5
e-ticaret site kurulumu,0,2,0%,33.5
ai satış otomasyonu,0,2,0%,34.5
hizmetlerimiz web tasarım,0,2,0%,38
freelance web sitesi tasarım,0,2,0%,39.5
sosyal medya seo,0,2,0%,40.5
web tasarım sitesi,0,2,0%,41.5
sosyal seo,0,2,0%,42
online satış sitesi kurma,0,2,0%,42.5
e ticaret sitesi kurulum,0,2,0%,43
web tasarim siteleri,0,2,0%,45
diyarbakır seo uzmanı,0,2,0%,45.5
modern web tasarım,0,2,0%,46
web tasarım yaptır,0,2,0%,49.5
en iyi seo firması 2025,0,2,0%,54
seo yönetim,0,2,0%,55.5
iş süreçleri otomasyonu,0,2,0%,62
sosyal medya seo teknikleri,0,2,0%,63
web yazılım hizmetleri,0,2,0%,64
seo çözümleri,0,2,0%,76.5
seo uyumlu web sitesi nasıl yapılır,0,2,0%,77.5
cross platform nedir,0,2,0%,79.5
körfez web sitesi yapan firma,0,2,0%,85
web trendleri,0,2,0%,87.5
"""web tasarım""",0,1,0%,1
app nasil yapilir,0,1,0%,1
kocaeli yazılım şirketleri,0,1,0%,1
seo optimize hizmetin,0,1,0%,1
seo uzunlu türkiye,0,1,0%,1
webcraft official website,0,1,0%,1
websitesi,0,1,0%,1
yapay zeka otomasyonu,0,1,0%,1
bepsitesi,0,1,0%,2
ne kadar sürer,0,1,0%,2
webcraft ai,0,1,0%,2
webcraft digital,0,1,0%,2
2026 seo trendleri türkiye,0,1,0%,3
turkce yaz,0,1,0%,3
web crafts,0,1,0%,3
web tasarim hizmetleri,0,1,0%,3
webcarp,0,1,0%,3
"lcp, fid, cls",0,1,0%,4
veb sitesi,0,1,0%,4
webcra,0,1,0%,4
webcraft minecraft,0,1,0%,4
"seo, aeo",0,1,0%,5
getwebcraft,0,1,0%,6
seo aeo,0,1,0%,6
lcp core web vitals,0,1,0%,7
seo + geo,0,1,0%,7
web crafter,0,1,0%,7
aeo geo,0,1,0%,8
google seo geo,0,1,0%,8
internet craft,0,1,0%,8
craft site,0,1,0%,9
geo aeo,0,1,0%,9
google aeo geo,0,1,0%,9
hositng,0,1,0%,9
hostibg,0,1,0%,9
mağaza web sitesi,0,1,0%,9
next_public_ga_id,0,1,0%,9
pazarlama,0,1,0%,9
seo craft,0,1,0%,9
seo yatmis tuerkiye,0,1,0%,9
wix vs,0,1,0%,9
lcp server,0,1,0%,10
seo uyum,0,1,0%,10
web craft pros,0,1,0%,10
webcraft.ie,0,1,0%,10
başka,0,1,0%,11
cls frontend,0,1,0%,11
fethiye web tasarım ajansı,0,1,0%,11
geo neresi,0,1,0%,11
google yerel seo,0,1,0%,11
sayfa ağırlık optimizasyonu,0,1,0%,11
web tasarım hizmet,0,1,0%,11
webtasarım merkezi,0,1,0%,11
yerel seo hizmetleri,0,1,0%,11
yerel seo paketleri,0,1,0%,11
geo açılımı,0,1,0%,12
seo a,0,1,0%,12
aeo geo seo,0,1,0%,13
geo seo,0,1,0%,13
hız optimizasyonu,0,1,0%,13
site hız optimizasyonu,0,1,0%,13
e-ticaret siteleri için seo ve aeo ajansları karşılaştırması,0,1,0%,14
siteyi hızlandırma,0,1,0%,14
kobilerin dijitalleşmesi,0,1,0%,15
içerik kod oranı optimizasyonu,0,1,0%,16
lokal butik e-ticaret tasarımı,0,1,0%,16
saycraft,0,1,0%,16
e- ticaret site kurulumu,0,1,0%,17
kobi̇’ler dijital dönüşüm,0,1,0%,17
site geliştirme hizmetleri,0,1,0%,17
"en iyi özel yazılım tasarım firmalarını karşılaştırabileceğim güvenilir 
platformlar nelerdir?",0,1,0%,18
ulusal seo hizmeti,0,1,0%,18
limanbet,0,1,0%,19
seo updates 2025,0,1,0%,19
e ticaret site tasarımı,0,1,0%,20
"kobi'ler için dijital dönüşüm danışmanlığında en yüksek kaliteli ve en iyi 
sonuç veren danışmanlık hizmetleri hangileridir",0,1,0%,20
profesyonel mobil uygulama,0,1,0%,20
web tasarımı hizmetleri,0,1,0%,20
ios mobil uygulama geliştirme,0,1,0%,21
uygulama yazma fiyatları,0,1,0%,22
cls nedir site,0,1,0%,23
google hreflang uyum kodları,0,1,0%,23
kurumsal yazılım geliştirme,0,1,0%,23
google harita seo,0,1,0%,24
kurumsal site tasarımı,0,1,0%,24
özel yazılım geliştirme hizmeti,0,1,0%,24
profesyonel hizmetler için dijital pazarlama,0,1,0%,25
aeo ne demek,0,1,0%,26
türkiye nin en iyi web tasarım firmaları,0,1,0%,27
webticaretim,0,1,0%,27
backcraft,0,1,0%,28
cross device nedir,0,1,0%,28
search engine optimization nedir,0,1,0%,28
seo yatmış türkiye,0,1,0%,28
özel yazılım hizmetleri,0,1,0%,28
tasarım web siteleri,0,1,0%,29
dotcraft,0,1,0%,30
seo technology,0,1,0%,30
tasarım ajansı,0,1,0%,30
web tasarımı ajansı,0,1,0%,30
site tasarım,0,1,0%,32
web tasarım ofisi,0,1,0%,32
sunucu optimizasyon,0,1,0%,33
2018 seo taktikleri,0,1,0%,38
dijital reklamcılık hizmetleri,0,1,0%,40
freelancer web tasarım,0,1,0%,41
web sitesi hızı,0,1,0%,41
seo hosting fiyatları,0,1,0%,42
web tasarımcılar,0,1,0%,42
cross mobil,0,1,0%,43
bodrum web tasarım,0,1,0%,44
chatbot sistemi,0,1,0%,44
lcp fid cls,0,1,0%,44
profesyonel web siteleri,0,1,0%,44
bilecik seo,0,1,0%,45
sayfa içi teknik seo optimizasyonu,0,1,0%,46
tasarım web,0,1,0%,46
web tasarä mä ve seo,0,1,0%,46
buy contextual backlinks,0,1,0%,47
havran web tasarım firması,0,1,0%,47
özel tasarımlı internet sitesi,0,1,0%,47
seo ajansı nasıl seçilir,0,1,0%,48
erp intranet,0,1,0%,50
tasarımcıların sitesi,0,1,0%,50
"""burak kutlu"" or ""emin can yılmaz"" or ""hakan erdoğan"" or ""hakan yıldız"" or 
""kart çalınma"" or ""ödeme sistemleri"" or ""paratika"" or ""payten"" or ""veri 
çalınma""",0,1,0%,52
sefer web tasarım,0,1,0%,52
tek sayfa e-ticaret tasarımı,0,1,0%,54
website tasarim,0,1,0%,54
web tasarım sayfaları,0,1,0%,55
seo trendleri 2023,0,1,0%,57
web tasarım bütçe planlama,0,1,0%,58
web tasarım kişiye özel yazılım,0,1,0%,59
profesyonel seo yönetimi,0,1,0%,60
web geliştirme trendleri,0,1,0%,60
hal seo hizmetleri,0,1,0%,63
yapay zeka web chat,0,1,0%,63
web performans en i̇yi uygulamaları,0,1,0%,65
özel tasarım e ticaret sitesi,0,1,0%,67
profesyonel seo çalışması,0,1,0%,70
serbest web tasarımcı,0,1,0%,70
seo türkiye,0,1,0%,71
tasarım hizmeti,0,1,0%,72
türkiye seo ajansları profesyonel kurumsal seo hizmeti fiyatları nedir,0,1,0%,73
güzelyalı web tasarım şirketi,0,1,0%,74
seo arama hacmi,0,1,0%,74
2019 seo teknikleri,0,1,0%,79
mobil uygulama bakımı,0,1,0%,79
seo seo or web tasarım,0,1,0%,81
web firma,0,1,0%,82
seo türleri,0,1,0%,83
seo hayalli tuerkiye,0,1,0%,88
seo teknikleri 2019,0,1,0%,88
web yazılım müşteri i̇letişimi ve teslim süreci,0,1,0%,88
ios uygulama yazma,0,1,0%,89
profesyonel hizmetleri pazarlama,0,1,0%,90
e-ticaret sitem için hangi seo ajansıyla çalışmalıyım,0,1,0%,91
seo çeşitleri,0,1,0%,91
craft web design,0,1,0%,93
demirköy web tasarım,0,1,0%,98
web yazılım ajansı güzelyalı,0,1,0%,98
güzelyalı kurumsal web tasarım ajansı,0,1,0%,99
seo kızacık türkiye,0,1,0%,100
seo uyumlu link yapımı,0,1,0%,151